video_id,psnr_mean,ssim_mean
v_GolfSwing_g23_c04.avi,30.50580018045654,0.6715584211051464
v_LongJump_g12_c05.avi,34.25753877270548,0.9072555128733317
v_HandstandWalking_g07_c05.avi,34.31297510874257,0.9167553243325584
v_HammerThrow_g09_c05.avi,29.74672530830934,0.7370647148494303
v_Bowling_g25_c02.avi,32.518505082092254,0.8889881060385579
v_HorseRace_g18_c04.avi,32.77974455458444,0.8645463957333229
v_BoxingPunchingBag_g07_c05.avi,33.150008999623935,0.8977314733998952
v_BlowDryHair_g02_c05.avi,35.53157936137458,0.8987335623065128
v_HammerThrow_g10_c01.avi,33.690660928968576,0.890226236174977
v_YoYo_g13_c02.avi,32.808011156547735,0.8775175180328026
v_PommelHorse_g12_c04.avi,31.52508147738379,0.7983207626917463
v_JumpRope_g20_c04.avi,38.902994953509626,0.9709518544814166
v_HandStandPushups_g21_c05.avi,36.165325826293625,0.9206507347597934
v_CricketShot_g19_c02.avi,36.22265644295603,0.9113332043994556
v_RockClimbingIndoor_g09_c01.avi,33.31625475753482,0.8742775924149013
v_Diving_g08_c03.avi,31.776298538131897,0.829791987244087
v_IceDancing_g16_c06.avi,34.42197176580712,0.9279915941648247
v_Shotput_g14_c04.avi,30.79919007595951,0.803008713892528
v_BabyCrawling_g12_c06.avi,35.68876725269393,0.9138484169398585
v_BodyWeightSquats_g23_c03.avi,31.9156303307319,0.8204778808436982
v_Surfing_g01_c06.avi,33.48341328426242,0.8510628910691526
v_PlayingDaf_g07_c04.avi,33.566897752789686,0.9105791411246641
v_CricketShot_g13_c05.avi,31.068142737126852,0.7227341340434167
v_HorseRace_g04_c04.avi,36.28778359428885,0.9368816411053693
v_Rowing_g07_c05.avi,33.48001865376753,0.8529891667158708
v_BalanceBeam_g15_c02.avi,32.33789023525281,0.8152080066998799
v_RopeClimbing_g20_c04.avi,40.678986426826135,0.9645772086863487
v_Skijet_g01_c01.avi,33.675006160806795,0.8511257743436184
v_HighJump_g13_c02.avi,31.41914174096131,0.8458132989704609
v_Rafting_g06_c03.avi,30.875951035134523,0.7633444660063479
v_HorseRiding_g06_c07.avi,34.27126954159359,0.8740103589715781
v_Lunges_g16_c02.avi,33.12455796511837,0.8828948829017702
v_TableTennisShot_g01_c03.avi,34.36552030507225,0.9134629099141984
v_PlayingDaf_g19_c05.avi,36.28309839837129,0.9472742606712276
v_CricketShot_g24_c03.avi,30.338334728418367,0.6529803767800331
v_BenchPress_g07_c04.avi,32.100556102055606,0.8715657013304093
v_Surfing_g17_c05.avi,36.76483970809387,0.9386691491220899
v_Bowling_g14_c03.avi,33.57045623418478,0.9072126898654672
v_BodyWeightSquats_g12_c03.avi,31.13577636536393,0.7902680049339931
v_CricketBowling_g20_c05.avi,34.63583093076275,0.9049083892849908
v_CliffDiving_g24_c03.avi,32.42806050726729,0.8404697927217635
v_JumpRope_g20_c05.avi,38.85236286635461,0.9705525519159751
v_HorseRace_g17_c03.avi,31.957143598499783,0.8375512275995161
v_CricketBowling_g21_c03.avi,32.98898035121436,0.890148752097842
v_SoccerJuggling_g13_c05.avi,32.78897024009536,0.7606044609674671
v_SoccerPenalty_g24_c06.avi,33.45986537061348,0.8522249726538963
v_Biking_g05_c07.avi,32.389416823580504,0.8416300190819634
v_PushUps_g20_c01.avi,33.639823208561246,0.9032142783733125
v_ApplyEyeMakeup_g07_c01.avi,34.71410526895393,0.9107090781761121
v_BalanceBeam_g17_c06.avi,38.21347067879448,0.9702772183851762
v_ShavingBeard_g23_c07.avi,36.40585856930852,0.9367703170412116
v_Haircut_g06_c01.avi,33.88373339576179,0.8965230872950603
v_SoccerPenalty_g18_c02.avi,35.55178752597014,0.9379776236487598
v_HorseRace_g03_c04.avi,32.191721201666844,0.8263922471873808
v_CuttingInKitchen_g05_c06.avi,34.131122400525285,0.8851027298480907
v_SalsaSpin_g07_c02.avi,33.05732074029074,0.8639031537992512
v_ThrowDiscus_g13_c02.avi,34.35914175464731,0.9203220698568556
v_Basketball_g08_c04.avi,33.68664927757152,0.8894911131056229
v_PlayingSitar_g21_c03.avi,36.038739952874,0.9350150812689851
v_FloorGymnastics_g11_c04.avi,37.64868388926431,0.9412503851711421
v_ApplyLipstick_g21_c03.avi,36.71104753452574,0.9456844263143472
v_Typing_g18_c02.avi,35.81595126852591,0.9126503941465597
v_Biking_g14_c04.avi,36.42722174437913,0.9231739731351282
v_BalanceBeam_g18_c03.avi,34.15181259496022,0.9077551196951893
v_TaiChi_g22_c04.avi,33.175874471122384,0.8686689152274021
v_ApplyEyeMakeup_g15_c06.avi,37.183769100483566,0.9591290282113903
v_RopeClimbing_g17_c04.avi,35.12964086821941,0.9153246968677363
v_CricketShot_g20_c06.avi,32.178018162634224,0.8249251588007037
v_HulaHoop_g20_c01.avi,36.51423470375351,0.9398353082118648
v_CricketBowling_g11_c02.avi,35.12259619933985,0.8837258697866084
v_PlayingDhol_g18_c06.avi,32.67224543947672,0.8636070090916849
v_Skiing_g02_c02.avi,35.3808773917104,0.9177863556559723
v_BasketballDunk_g05_c02.avi,31.163306030945126,0.7786793038249016
v_FrontCrawl_g06_c02.avi,33.71687806401857,0.8761221258728592
v_Kayaking_g11_c02.avi,33.52003144635049,0.8639719391925426
v_Mixing_g20_c01.avi,32.33448442744188,0.85483385125796
v_Skijet_g09_c03.avi,33.0042749727655,0.8342712737569873
v_Shotput_g06_c01.avi,33.23059619591419,0.872898804669333
v_RockClimbingIndoor_g24_c07.avi,36.95033276811416,0.9432048695544674
v_PlayingViolin_g09_c01.avi,34.54699434041584,0.9237493139856002
v_HammerThrow_g22_c05.avi,32.851541224827756,0.8878684724444774
v_PlayingDhol_g16_c05.avi,33.768053657358244,0.9170080722818053
v_Punch_g06_c02.avi,31.620689143367994,0.8625989449024201
v_RopeClimbing_g17_c02.avi,35.33642672728387,0.9189341744861087
v_Punch_g15_c04.avi,35.454532103570024,0.9191258273522059
v_PlayingTabla_g13_c01.avi,32.146946406103346,0.8912974715232849
v_PlayingViolin_g03_c01.avi,34.56115180069305,0.8973947032380499
v_BrushingTeeth_g08_c01.avi,34.02179056332005,0.9111627601505665
v_BlowingCandles_g07_c03.avi,31.24111286021496,0.8446991462707519
v_Drumming_g24_c01.avi,32.57157572457411,0.8674112013975779
v_BaseballPitch_g12_c04.avi,31.76839110906446,0.8556514432032903
v_BrushingTeeth_g07_c02.avi,37.29426067561511,0.9534328251946962
v_JugglingBalls_g18_c03.avi,36.27305347031108,0.9294927672464021
v_Billiards_g02_c01.avi,30.52925537657825,0.7587040189121451
v_ApplyEyeMakeup_g11_c05.avi,37.44634091511416,0.9610238787200716
v_SalsaSpin_g17_c01.avi,35.807261798544964,0.9308812855964615
v_CliffDiving_g12_c03.avi,34.63494454378147,0.8907434314857294
v_WritingOnBoard_g05_c01.avi,37.29643076915548,0.9535731242762672
v_Drumming_g09_c02.avi,32.66938655638024,0.8633024744689465
v_ApplyEyeMakeup_g23_c01.avi,34.873833488753554,0.9261571451469705
v_BreastStroke_g22_c02.avi,38.16164599548513,0.9515228480839533
v_WritingOnBoard_g02_c01.avi,33.764029005808375,0.8881599254946891
v_LongJump_g05_c04.avi,31.785204644359936,0.8416201336817308
v_BaseballPitch_g23_c03.avi,32.37564336136385,0.8199731165017837
v_Swing_g11_c06.avi,33.738490134326156,0.8711639946675396
v_BoxingSpeedBag_g14_c04.avi,36.159822637923476,0.9292010813951492
v_MilitaryParade_g15_c01.avi,31.193053886671198,0.8099254680176576
v_PullUps_g18_c02.avi,35.65806138658557,0.9059333826710538
v_PlayingDaf_g06_c05.avi,36.714204904024776,0.9426650921767732
v_TrampolineJumping_g21_c03.avi,30.863445548102785,0.7788165911513182
v_HulaHoop_g11_c02.avi,35.43224881331994,0.9264663979411125
v_PullUps_g21_c03.avi,30.894159473258444,0.8378114022843824
v_UnevenBars_g10_c01.avi,31.898204517668198,0.7892697510265169
v_HorseRiding_g02_c02.avi,33.976574292500004,0.8766197214523951
v_Skijet_g18_c02.avi,32.817411441549616,0.8372288852790152
v_Shotput_g20_c01.avi,32.283619290794775,0.8157308412634808
v_TableTennisShot_g22_c01.avi,35.323134223211476,0.92391632938385
v_PoleVault_g10_c03.avi,33.16104680391503,0.8640031529423406
v_TableTennisShot_g25_c06.avi,34.70037460264703,0.8922000571330022
v_HulaHoop_g23_c02.avi,32.7982261467652,0.8136431051463615
v_BodyWeightSquats_g21_c01.avi,31.89085250573042,0.8189978880040786
v_BodyWeightSquats_g11_c03.avi,37.60298084157798,0.9530579413092414
v_CliffDiving_g02_c04.avi,38.42766193585515,0.9460415985526108
v_IceDancing_g10_c04.avi,36.821210553313406,0.9460791386810004
v_Rowing_g05_c04.avi,34.75871783409185,0.9219908206395699
v_HorseRiding_g02_c07.avi,36.21045534805121,0.9170347372690837
v_LongJump_g21_c01.avi,34.02323112612786,0.8940274664911173
v_PizzaTossing_g17_c01.avi,35.942543947269314,0.9410441073965519
v_BandMarching_g03_c05.avi,33.38352342093592,0.900725163353814
v_GolfSwing_g11_c06.avi,33.58103359156402,0.8716231945789221
v_TaiChi_g02_c04.avi,35.92848362455777,0.9452496021114595
v_CuttingInKitchen_g23_c04.avi,32.04270148585798,0.8762271109518114
v_Surfing_g18_c02.avi,38.74962320578252,0.9572086603410782
v_BasketballDunk_g08_c03.avi,31.986589793887198,0.8687556678965941
v_UnevenBars_g07_c01.avi,33.67914198361778,0.8996849977970123
v_PlayingTabla_g16_c01.avi,31.74733210777047,0.8500629573796703
v_TennisSwing_g04_c06.avi,32.27635714100885,0.7924895219656886
v_UnevenBars_g16_c04.avi,34.49400944903244,0.9041854717334111
v_ThrowDiscus_g22_c03.avi,32.91733129619284,0.8943454767095631
v_ShavingBeard_g01_c04.avi,36.25322120762175,0.9138973505942376
v_HammerThrow_g21_c03.avi,35.03370350090831,0.8912443822743942
v_CliffDiving_g17_c02.avi,35.723533453680545,0.8939914798482935
v_RockClimbingIndoor_g25_c07.avi,36.53176509983176,0.927741512471334
v_ParallelBars_g20_c03.avi,32.57901987604315,0.8835653955974276
v_WallPushups_g06_c07.avi,35.434717382306516,0.9438364330244942
v_PullUps_g03_c02.avi,29.5188398138308,0.5917128519370005
v_PlayingSitar_g22_c04.avi,32.87077548358649,0.8956932080170464
v_WritingOnBoard_g10_c04.avi,37.3620593648205,0.9373911532383521
v_ApplyLipstick_g08_c02.avi,35.98949337165505,0.9407956232763317
v_SumoWrestling_g14_c01.avi,31.339225306898932,0.785533110482977
v_ParallelBars_g17_c03.avi,32.18745603369247,0.853617171885559
v_Skiing_g22_c01.avi,40.326837932011834,0.9700768242864047
v_PlayingDaf_g08_c02.avi,35.42339491414297,0.9036286343698916
v_SkyDiving_g21_c02.avi,36.66115318168046,0.9528266781797776
v_HorseRiding_g14_c04.avi,30.243660412998313,0.7464480585949396
v_PommelHorse_g22_c02.avi,31.065484286287543,0.8713406784154526
v_Rafting_g18_c02.avi,37.66545268302761,0.9508275420237811
v_BabyCrawling_g25_c04.avi,34.135356724843085,0.8950070142745972
v_PlayingTabla_g23_c02.avi,32.872320918752536,0.8853783814702183
v_JavelinThrow_g22_c02.avi,36.04570004917548,0.9376275762915611
v_TennisSwing_g19_c06.avi,36.71772290935416,0.9276863856518522
v_StillRings_g05_c03.avi,31.604885921407245,0.8217681753830831
v_Biking_g07_c03.avi,35.12211479749381,0.9136465165019035
v_PlayingSitar_g08_c02.avi,33.4531613733693,0.9179409707150974
v_BreastStroke_g19_c04.avi,33.13178316901888,0.8518747419512744
v_PlayingGuitar_g25_c07.avi,36.463170441880926,0.946158923625946
v_Diving_g22_c05.avi,32.79087244207965,0.8794416965525828
v_PlayingSitar_g18_c03.avi,31.653929602767057,0.8619341159849518
v_Nunchucks_g06_c01.avi,36.50366135203063,0.9492030080009557
v_Mixing_g13_c06.avi,34.75208403740989,0.9023417830467224
v_IceDancing_g03_c04.avi,36.57330224885454,0.9541879399323169
v_BenchPress_g08_c05.avi,32.935303802100215,0.8944773559264321
v_HorseRace_g12_c02.avi,35.06957936873676,0.9262356784295391
v_SkateBoarding_g11_c05.avi,33.748332118556156,0.8953882125092716
v_SoccerJuggling_g13_c03.avi,32.74480312375378,0.7568942116076253
v_YoYo_g19_c02.avi,36.47790136401926,0.9335347327382065
v_Rowing_g02_c04.avi,34.121897554694186,0.9078592905675732
v_ParallelBars_g09_c01.avi,30.78103508085965,0.7521317544884569
v_SoccerPenalty_g11_c04.avi,34.28766208190101,0.8974511383415816
v_YoYo_g22_c03.avi,36.86043754508672,0.9414620733523107
v_RopeClimbing_g06_c01.avi,38.9070467986372,0.9645492728603514
v_Archery_g18_c06.avi,31.816721554300965,0.7840410459786653
v_PoleVault_g24_c05.avi,31.329024674823458,0.8139059118488255
v_PlayingPiano_g18_c04.avi,36.90554185706946,0.9467416915873932
v_PlayingDhol_g17_c05.avi,32.69611478301326,0.872111912199993
v_Haircut_g25_c02.avi,34.55788609883996,0.9107531181908408
v_RopeClimbing_g24_c04.avi,37.498906468552576,0.9600270287858115
v_FrontCrawl_g19_c03.avi,32.87229748291082,0.8484428767114878
v_PizzaTossing_g10_c04.avi,33.632146241666845,0.9033542826123859
v_VolleyballSpiking_g13_c04.avi,38.00138468109453,0.955006367798093
v_TennisSwing_g22_c05.avi,35.19000996324169,0.9009334294163451
v_StillRings_g23_c04.avi,32.57396375454309,0.8710974248250326
v_PlayingDhol_g02_c02.avi,36.09534804109986,0.9403906960956386
v_BlowingCandles_g18_c01.avi,36.53507626453776,0.9358093821176208
v_PlayingTabla_g18_c06.avi,34.2411168019618,0.9163146170993779
v_BoxingPunchingBag_g22_c01.avi,37.07316406533129,0.9459436892949301
v_PlayingDaf_g02_c02.avi,37.332980581332954,0.9556878348300745
v_BabyCrawling_g09_c02.avi,34.353510466731606,0.8650510364824587
v_Mixing_g05_c04.avi,36.527981453411776,0.8925166342218044
v_HighJump_g04_c02.avi,31.725191833177306,0.8279721571339501
v_Punch_g16_c06.avi,32.57046459529819,0.8967037481069565
v_Bowling_g23_c01.avi,33.962560729603965,0.9030466730855092
